epoch,step,train_acc,train_loss,val_acc,val_loss
0,4,,,0.4536585509777069,1.3635872602462769
0,4,0.5326023101806641,1.1392444372177124,,
