epoch,step,train_acc,train_loss,val_acc,val_loss
0,4,,,0.4569105803966522,1.688369631767273
0,4,0.5440014004707336,1.1844288110733032,,
