epoch,step,train_acc,train_loss,val_acc,val_loss
0,4,,,0.4569105803966522,1.5906438827514648
0,4,0.568911612033844,1.1421353816986084,,
