epoch,step,train_acc,train_loss,val_acc,val_loss
0,4,,,0.4569105803966522,1.4701075553894043
0,4,0.5282720327377319,1.1164319515228271,,
